incident_address,n
655 EAST  230 STREET,56628
78-15 PARSONS BOULEVARD,12915
82-68 164 STREET,6910
661 EAST  230 STREET,6069
BROADWAY,5988
158-33 78 AVENUE,5577
1465 WASHINGTON AVENUE,4361
601 WEST  115 STREET,4145
159-06 UNION TURNPIKE,3910
89-21 ELMHURST AVENUE,3906
2176 TIEBOUT AVENUE,3850
957 WOODYCREST AVENUE,3779
31-35 CRESCENT STREET,3681
177 SANDS STREET,3608
516 SCHROEDERS AVENUE,3593
82-16 164 STREET,3458
3 AVENUE,3229
5 AVENUE,3167
191 UNION STREET,3023
2 AVENUE,3023
1000 5 AVENUE,2869
JFK,2700
6 AVENUE,2656
233 LANDING ROAD,2646
526 SCHROEDERS AVENUE,2484
2400 7 AVENUE,2317
7 AVENUE,2297
1 AVENUE,2287
8 AVENUE,2277
88-12 151 AVENUE,2205
72-10 41 AVENUE,2131
298 CLASSON AVENUE,2072
2400 2 AVENUE,2044
71-01 PARSONS BOULEVARD,2010
301 GOLD STREET,1914
333 EAST   14 STREET,1885
100 MESEROLE AVENUE,1792
AMSTERDAM AVENUE,1779
1040B EAST  217 STREET,1683
131 JERSEY STREET,1632
76 ST NICHOLAS PLACE,1621
2750 HOMECREST AVENUE,1570
1671 MADISON STREET,1547
345 ADAMS STREET,1541
200 WEST  131 STREET,1538
90-10 SOUTH CONDUIT AVENUE,1518
530 EAST  169 STREET,1463
5-47 50 AVENUE,1444
1690 NELSON AVENUE,1434
1385 WASHINGTON AVENUE,1419
2069 WALTON AVENUE,1415
21 VARICK STREET,1409
147 PRINCE STREET,1393
9 AVENUE,1388
92-02 CORONA AVENUE,1327
102-01 ALSTYNE AVENUE,1299
2040 BRONXDALE AVENUE,1284
JOHN F KENNEDY AIRPORT,1284
1872 MONROE AVENUE,1267
9511 SHORE ROAD,1266
9101 CHURCH AVENUE,1241
640 8 AVENUE,1238
4 AVENUE,1224
672 EAST  231 STREET,1220
35 HILLSIDE AVENUE,1219
10 AVENUE,1201
707 EAST  242 STREET,1200
514 WEST  136 STREET,1180
2410 WASHINGTON AVENUE,1165
147-01 HILLSIDE AVENUE,1156
95 PROSPECT PARK WEST,1133
932 EAST  173 STREET,1132
598 SCHROEDERS AVENUE,1129
225 CENTRAL PARK NORTH,1124
206 WEST  148 STREET,1120
FLUSHING MEADOWS CORONA PARK,1119
150 MALCOLM X BOULEVARD,1118
11 AVENUE,1106
730 EAST  236 STREET,1096
75 WILSON STREET,1083
1711 FULTON STREET,1067
1501 UNDERCLIFF AVENUE,1065
1750 EAST  172 STREET,1059
701 FENIMORE STREET,1054
1742 EAST  172 STREET,1054
570 WEST  190 STREET,1027
3555 BRUCKNER BOULEVARD,1011
894 BROADWAY,1004
765 LINCOLN AVENUE,1002
640 STANLEY AVENUE,995
BEDFORD AVENUE,994
ATLANTIC AVENUE,989
1440 BRONX RIVER AVENUE,981
711 SEAGIRT AVENUE,974
1515 SELWYN AVENUE,964
3830 BRONX BOULEVARD,961
166-11 HILLSIDE AVENUE,961
1705 HOE AVENUE,959
3428 BROADWAY,956
COLUMBUS AVENUE,952
2120 RANDALL AVENUE,945
1080 ANDERSON AVENUE,945
102-30 QUEENS BOULEVARD,942
142-10 HOOVER AVENUE,942
600 EAST  137 STREET,936
620 WEST  141 STREET,933
963 WOODYCREST AVENUE,931
2856 WEBB AVENUE,930
3545 JEROME AVENUE,923
2145 AMSTERDAM AVENUE,922
2588 7 AVENUE,920
760 ELDERT LANE,904
1207 BEACH AVENUE,904
1030 BOYNTON AVENUE,894
208 EAST   28 STREET,891
261 SEAMAN AVENUE,889
RIVERSIDE PARK,887
RIVERSIDE DRIVE,880
400 HERKIMER STREET,870
2710 MORRIS AVENUE,870
LAGUARDIA AIRPORT,867
38 6 AVENUE,863
1925 7 AVENUE,838
239 OCEAN AVENUE,836
46 LINDEN BOULEVARD,824
2945 WEST   23 STREET,824
35-64 84 STREET,822
3525 DECATUR AVENUE,818
LA GUARDIA AIRPORT,817
750 GRAND CONCOURSE,810
417 LORIMER STREET,809
475 LOCKE STREET,806
430 61 STREET,805
1750 EAST   14 STREET,797
343 ADAMS STREET,772
80 WOODRUFF AVENUE,771
128 HANCOCK STREET,770
426 61 STREET,767
1329 COMMONWEALTH AVENUE,760
JFK AIRPORT,760
158-39 78 AVENUE,757
470 DEKALB AVENUE,755
CENTRAL PARK WEST,754
ST NICHOLAS AVENUE,753
55 CHURCH STREET,744
950 WOODYCREST AVENUE,743
919 PROSPECT AVENUE,742
7 EVERIT STREET,740
45 ST NICHOLAS AVENUE,739
1420 GRAND CONCOURSE,731
1127 ESSEX STREET,726
334 EAST   14 STREET,723
595 DEAN STREET,722
900 ERSKINE STREET,721
1398 GRAND CONCOURSE,718
135 ELMIRA LOOP,717
41-51 150 STREET,715
1340 STRATFORD AVENUE,709
CENTRAL PARK,709
CHURCH AVENUE,708
751 GERARD AVENUE,703
234 SANDS STREET,703
165 WEST  197 STREET,696
44 WILSON AVENUE,695
1132 ESSEX STREET,688
700 WEST  180 STREET,687
43-01 201 STREET,687
3435 OLINVILLE AVENUE,683
120 WEST   91 STREET,682
50 EAST  102 STREET,676
1425 DR M L KING JR BOULEVARD,675
FULTON STREET,674
365 THATFORD AVENUE,674
2890 SEDGWICK AVENUE,674
165 SHERMAN AVENUE,672
37 AVENUE,671
37-45 58 STREET,669
184 ETNA STREET,667
410 EAST   59 STREET,664
1265 PARK AVENUE,659
2010 POWELL AVENUE,657
4646 PARK AVENUE,652
34-16 ASTORIA BOULEVARD SOUTH,651
410 ST NICHOLAS AVENUE,650
265 WEST  114 STREET,648
71-38 71 STREET,647
78-04 160 STREET,644
525 EAST   21 STREET,643
509 WEST  135 STREET,641
2101 ALBEMARLE ROAD,640
MSGR MCGOLRICK PARK,634
2 PARK AVENUE,633
2331 GLEASON AVENUE,633
20 AVENUE,632
790 ELDERT LANE,629
BROOK AVENUE,624
120 WEST 91 STREET,624
140-11 ASH AVENUE,623
20 RICHMAN PLAZA,623
3675 BROADWAY,621
891 BROOK AVENUE,621
129-11 JAMAICA AVENUE,619
MAIN STREET,619
951 HOE AVENUE,613
34 AVENUE,613
2500 WEBB AVENUE,609
133 PITT STREET,607
77-42 160 STREET,605
85 STREET,603
111-02 QUEENS BOULEVARD,600
252 SHERMAN AVENUE,598
153-11 HILLSIDE AVENUE,597
HORACE HARDING EXPRESSWAY,597
AVENUE T,596
PELHAM BAY PARK,595
6902 RIDGE BOULEVARD,593
330 WEST   30 STREET,592
4215 PARK AVENUE,591
91 QUINLAN AVENUE,591
12 AVENUE,589
93 LINDEN BOULEVARD,587
15 COOPER STREET,586
772 EAST  168 STREET,582
964 AMSTERDAM AVENUE,581
11 SEAMAN AVENUE,579
LENOX AVENUE,579
1 JACOBUS PLACE,578
1965 LAFAYETTE AVENUE,576
2070 ARTHUR AVENUE,575
2100 BEEKMAN PLACE,572
213 NAGLE AVENUE,570
1815 EAST   17 STREET,567
65-38 AUSTIN STREET,565
2300 5 AVENUE,564
2076 CRESTON AVENUE,564
23 AVENUE,563
1777 GRAND CONCOURSE,561
825 GERARD AVENUE,560
900 GRAND CONCOURSE,558
2075 WALLACE AVENUE,558
1302 NEWKIRK AVENUE,558
675 LINCOLN AVENUE,557
2225 5 AVENUE,557
130 WEST  228 STREET,557
1131 OGDEN AVENUE,556
1-55 BORDEN AVENUE,555
1775 EAST   18 STREET,553
1713 HARMAN STREET,551
2664 GRAND CONCOURSE,551
2620 BEVERLY ROAD,549
1188 GRAND CONCOURSE,548
34 HILLSIDE AVENUE,547
1349 STRATFORD AVENUE,547
EAST  171 STREET,545
501 NEW YORK AVENUE,543
106-10 SHORE FRONT PARKWAY,542
88-42 85 STREET,542
499 EAST   34 STREET,540
1459 WYTHE PLACE,539
84-10 34 AVENUE,538
257-36 148 AVENUE,537
2970 WEST   27 STREET,537
234 WEST  114 STREET,536
HYLAN BOULEVARD,535
AVENUE U,534
35 AVENUE,531
325 AVENUE Y,531
2625 GRAND CONCOURSE,528
AVENUE O,525
2 WATER STREET,524
70-01 49 AVENUE,522
230 PARK AVENUE,520
975 WALTON AVENUE,519
580 EMPIRE BOULEVARD,519
4575 PARK AVENUE,518
1350 PARK PLACE,516
4200 5 AVENUE,515
765 RIVERSIDE DRIVE,515
1481 WASHINGTON AVENUE,515
14 AVENUE,513
60 WEST  142 STREET,513
7 HEGEMAN AVENUE,511
18 AVENUE,510
64 WEST  192 STREET,508
LINDEN BOULEVARD,508
1967 MARMION AVENUE,507
49 WEST  225 STREET,507
507 SCHROEDERS AVENUE,506
208 EAST   30 STREET,506
735 LINCOLN AVENUE,504
1565 TOWNSEND AVENUE,504
AVENUE N,504
2017 CHURCH AVENUE,503
185 PARK HILL AVENUE,503
1406 NEW YORK AVENUE,498
440 WEST   57 STREET,496
80-30 PARK LANE,495
323 EAST GUN HILL ROAD,495
3042 AVENUE V,494
5700 ARLINGTON AVENUE,493
1 TENNIS PLACE,493
63-70 AUSTIN STREET,493
190 YORK STREET,493
712 CROWN STREET,492
2489 TIEBOUT AVENUE,492
107 EAST  126 STREET,492
94-25 57 AVENUE,492
1702 WEST    1 STREET,491
57-15 SHORE FRONT PARKWAY,491
123 WAVERLY PLACE,491
53 EAST  131 STREET,491
221 LINDEN BOULEVARD,490
GRAND CENTRAL TERMINAL,489
189 BROADWAY,488
270 EAST BURNSIDE AVENUE,487
1200 CROES AVENUE,487
PROSPECT PARK,487
526 TINTON AVENUE,487
200 AMSTERDAM AVENUE,487
266 BEDFORD PARK BOULEVARD,486
300 WEST   54 STREET,483
1314 MERRIAM AVENUE,482
883 EAST  180 STREET,481
3873 ORLOFF AVENUE,480
41-29 50 STREET,478
63-10 108 STREET,478
24-02 19 STREET,477
1875 3 AVENUE,476
3 WASHINGTON SQUARE NORTH,475
1225 SHERIDAN AVENUE,474
25 HILLSIDE AVENUE,473
2305 UNIVERSITY AVENUE,473
109 NORTH    7 STREET,472
10 RICHMAN PLAZA,472
180 LENOX ROAD,472
305 LINDEN BOULEVARD,472
NORTHERN BOULEVARD,471
1892 MORRIS AVENUE,471
299 BROOME STREET,471
544 MARCY AVENUE,469
130 WEST  183 STREET,468
86 STREET,465
40-20 BEACH CHANNEL DRIVE,463
8301 BAY PARKWAY,463
1011 SHERIDAN AVENUE,461
1795 CLINTON AVENUE,460
127-43 WILLETS POINT BOULEVARD,459
500 WEST  135 STREET,457
185 MACKENZIE STREET,456
1665 MONROE AVENUE,456
148 WEST   46 STREET,455
2832 WEST   23 STREET,455
176 CLARKSON AVENUE,455
250 EAST   29 STREET,455
155 LINDEN BOULEVARD,454
25 NEPTUNE AVENUE,454
32 AVENUE,453
WASHINGTON STREET,453
3569 DEKALB AVENUE,452
269 OCEAN PARKWAY,452
200 BROADWAY,450
AVENUE M,448
2411 DEAN STREET,448
NOSTRAND AVENUE,448
56 AVENUE,446
870 42 STREET,445
377 MONTGOMERY STREET,445
124 EAST  176 STREET,443
340 ST JOHNS PLACE,443
543 SCHROEDERS AVENUE,443
50 MANHATTAN AVENUE,442
115 HAMILTON PLACE,441
159-10 71 AVENUE,440
26 BROADWAY,439
41 AVENUE,438
QUEENS BOULEVARD,437
410 EASTERN PARKWAY,437
103 WASHINGTON STREET,436
2411 EAST    3 STREET,435
495 WEST  186 STREET,434
361 EAST  163 STREET,434
MYRTLE AVENUE,433
2 ELLWOOD STREET,433
60 EAST   93 STREET,432
736 RIVERSIDE DRIVE,432
558 SCHROEDERS AVENUE,432
PARK AVENUE,432
709 FAIRMOUNT PLACE,429
600 CONCORD AVENUE,428
2645 BRIGGS AVENUE,428
620 LENOX AVENUE,428
1684 WEST   10 STREET,427
285 LINCOLN PLACE,426
56-30 61 STREET,426
540 CONCORD AVENUE,425
2302 WEBSTER AVENUE,425
2 ELTON STREET,425
80 STREET,425
EASTERN PARKWAY,425
FLATBUSH AVENUE,424
2198 CRUGER AVENUE,424
2980 WEST   28 STREET,424
110 POST AVENUE,423
1030 CARROLL STREET,421
129 WEST  147 STREET,421
899 MONTGOMERY STREET,421
30 RICHMAN PLAZA,420
55 WINTHROP STREET,420
502 SCHROEDERS AVENUE,419
480 EAST  188 STREET,419
30 WASHINGTON STREET,417
162 WEST  144 STREET,416
FLUSHING MEADOWS PARK,416
62-60 99 STREET,416
1500 BROADWAY,415
19 COOPER STREET,415
605 WEST   42 STREET,415
1250 FRANKLIN AVENUE,415
LEXINGTON AVENUE,414
2825 WEBB AVENUE,414
4 IRVING AVENUE,413
840 GRAND CONCOURSE,413
2386 DAVIDSON AVENUE,412
308 WEST   94 STREET,412
1531 GATES AVENUE,412
3758 10 AVENUE,411
439 WEST   36 STREET,411
73 AVENUE,411
5400 FIELDSTON ROAD,411
25 AVENUE,411
347 LINCOLN ROAD,411
1 BOWLING GREEN,410
2025 SEWARD AVENUE,410
552 WEST  186 STREET,409
800 CONCOURSE VILLAGE WEST,409
108-26 159 STREET,409
2425 NOSTRAND AVENUE,409
3210 PERRY AVENUE,409
109 POST AVENUE,409
2355 EAST   12 STREET,408
BOSTON ROAD,408
AVENUE J,408
89 AVENUE,408
300 RECTOR PLACE,407
31 AVENUE,407
1630 MACOMBS ROAD,406
480 SAINT NICHOLAS AVENUE,406
1439 OCEAN AVENUE,405
168-02 91 AVENUE,405
3128 VILLA AVENUE,405
363 WEST   23 STREET,405
745 7 AVENUE,404
3605 SEDGWICK AVENUE,404
1435 UNIVERSITY AVENUE,404
331 EAST  132 STREET,403
975 LIBERTY AVENUE,402
2181 BARNES AVENUE,402
342 WEST   71 STREET,402
925 ST MARKS AVENUE,401
498 WEST  158 STREET,401
283 EAST  149 STREET,401
45 EAST MOSHOLU PARKWAY NORTH,401
450 EAST  184 STREET,400
933 REMSEN AVENUE,399
856 42 STREET,399
991 CARROLL STREET,399
1600 SEDGWICK AVENUE,398
8851 20 AVENUE,397
2720 GRAND CONCOURSE,396
610 SCHROEDERS AVENUE,396
RESERVOIR AVENUE,395
270 15 STREET,395
123-60 83 AVENUE,395
DEKALB AVENUE,394
181 ROCKAWAY PARKWAY,394
2775 EAST   12 STREET,394
2540 BARKER AVENUE,394
602 WEST  141 STREET,394
211 EAST  203 STREET,394
AVENUE L,394
612 WEST  178 STREET,393
30 COOPER STREET,393
630 LENOX AVENUE,393
1122 ANDERSON AVENUE,393
38 ELLIOT PLACE,393
MCCARREN PARK,392
2300 GRAND CONCOURSE,392
764 EAST  152 STREET,392
574 ST NICHOLAS AVENUE,391
1829 PATTERSON AVENUE,391
305 EAST   45 STREET,391
JAMAICA AVENUE,390
GRAND CENTRAL PKWY,390
215 BROAD STREET,388
825 MORRISON AVENUE,388
540 FT WASHINGTON AVENUE,388
88-22 PARSONS BOULEVARD,388
2111 BEEKMAN PLACE,387
1362 GRAND CONCOURSE,387
30 AVENUE,387
3816 REVIEW PLACE,385
1590 UNDERCLIFF AVENUE,385
1915 PUTNAM AVENUE,385
2510 TRATMAN AVENUE,385
2041 7 AVENUE,384
255 EAST   10 STREET,382
BELT PKWY,381
1555 GRAND CONCOURSE,381
1259 CLAY AVENUE,381
350 MASPETH AVENUE,380
451 KINGSTON AVENUE,380
366 WEST   23 STREET,379
849 42 STREET,379
2305 BEDFORD AVENUE,379
524 WEST  169 STREET,379
3961 CARPENTER AVENUE,379
455 MADISON AVENUE,378
2216 VICTORY BOULEVARD,378
2155 PAULDING AVENUE,378
WATER STREET,377
115 AVENUE,377
98-01 67 AVENUE,377
34-15 PARSONS BOULEVARD,377
43 AVENUE,376
494 BROADWAY,376
2 STODDARD PLACE,376
41-15 50 AVENUE,375
365 LINCOLN PLACE,375
280 PARKHILL AVENUE,375
1240 WALTON AVENUE,375
52 STONE STREET,375
2930 WEST   30 STREET,375
41-25 CASE STREET,375
MORNINGSIDE PARK,375
30 WEST  141 STREET,374
79 STREET,374
3150 BAILEY AVENUE,374
2156 CRUGER AVENUE,374
116 AVENUE,373
2183 MATTHEWS AVENUE,373
AVENUE S,373
1801 DORCHESTER ROAD,373
4565 BROADWAY,373
45 WEST  139 STREET,372
610 WEST  141 STREET,372
1700 BEDFORD AVENUE,371
2968 PERRY AVENUE,371
18-11 129 STREET,371
EAST  232 STREET,371
15 AVENUE,370
33 WEST   89 STREET,370
RIVERDALE AVENUE,369
AVENUE D,369
10 5 AVENUE,369
95 WALL STREET,369
820 EAST   10 STREET,369
595 EAST  170 STREET,368
244 FIELDSTON TERRACE,368
645 OCEAN PARKWAY,368
1700 METROPOLITAN AVENUE,368
1660 CROTONA PARK EAST,368
1535 UNDERCLIFF AVENUE,367
1515 BROADWAY,367
20 SEAMAN AVENUE,367
162 WEST  132 STREET,365
2120 TIEBOUT AVENUE,365
580 SUTTER AVENUE,365
2297 BEDFORD AVENUE,365
27 SICKLES STREET,365
30 MAC DONOUGH STREET,364
900 RIVERSIDE DRIVE,364
3990 BRONX BOULEVARD,364
54 AVENUE O,364
795 ST NICHOLAS AVENUE,363
1310 SHERIDAN AVENUE,363
65-30 KISSENA BOULEVARD,363
1161 HOE AVENUE,362
8100 BAY PARKWAY,362
381 VERNON AVENUE,362
WEST  163 STREET,362
2 CHARLTON STREET,362
1921 ADAM C POWELL BOULEVARD,362
572 WEST  141 STREET,361
1314 SENECA AVENUE,361
899 WESTCHESTER AVENUE,361
3150 ROCHAMBEAU AVENUE,360
107 AVENUE,360
1235 MORRIS AVENUE,360
608 SCHROEDERS AVENUE,360
185 ERASMUS STREET,359
320 STERLING STREET,359
1855 MONROE AVENUE,359
1540 AMSTERDAM AVENUE,359
105 EAST  177 STREET,359
2285 SEDGWICK AVENUE,358
4511 3 AVENUE,358
695 ST NICHOLAS AVENUE,358
44-15 COLDEN STREET,358
881 ERSKINE STREET,358
DYCKMAN STREET,357
MARINE PARK,357
2518 FREDERICK DOUGLASS BOULEVARD,356
60 LAFAYETTE STREET,356
580 FLATBUSH AVENUE,356
21 AVENUE,356
AVENUE K,355
618 WEST  136 STREET,355
22-04 COLLIER AVENUE,354
254 STOCKHOLM STREET,354
144 AVENUE A,354
524 WEST   59 STREET,353
120 AVENUE,353
95-03 23 AVENUE,353
265 STOCKHOLM STREET,353
609 SUTTER AVENUE,352
80 CLARKSON AVENUE,351
13 AVENUE,351
90-38 170 STREET,351
1420 FREEPORT LOOP,351
6211 BROADWAY,351
LIBERTY AVENUE,351
3341 BROADWAY,351
1 MAIN STREET,350
2238 CRESTON AVENUE,350
BUSHWICK AVENUE,350
39 AVENUE,349
2995 BOTANICAL SQUARE,349
4349 FURMAN AVENUE,349
116 LENOX ROAD,348
65 STREET,348
2569 7 AVENUE,348
AVENUE P,348
7 WORLD TRADE CENTER,348
75 BROADWAY,348
875 MORRISON AVENUE,348
2100 WESTBURY COURT,347
109 AVENUE,347
1505 TOWNSEND AVENUE,347
1420 CLAY AVENUE,347
83 PEARL STREET,346
1350 SHAKESPEARE AVENUE,346
83-43 118 STREET,346
21 STREET,346
75 WEST MOSHOLU PARKWAY NORTH,346
KINGS HIGHWAY,345
120-14 ATLANTIC AVENUE,345
501 LEFFERTS AVENUE,345
125 LENOX ROAD,344
METROPOLITAN AVENUE,343
1075 GRAND CONCOURSE,343
196-10 UNION TURNPIKE,342
405 EAST   16 STREET,341
578 EAST  141 STREET,341
2860 DECATUR AVENUE,341
3340 BAILEY AVENUE,341
2110 WESTBURY COURT,340
1170 OCEAN AVENUE,340
1253 FRANKLIN AVENUE,340
436 EASTERN PARKWAY,340
4011 KINGS HIGHWAY,340
111 AVENUE,339
1360 OGDEN AVENUE,339
1919 82 STREET,339
98-30 67 AVENUE,339
OCEAN PARKWAY,339
894 RIVERSIDE DRIVE,338
620 EAST  178 STREET,338
3120 WILKINSON AVENUE,338
795 EAST  169 STREET,338
2115 HONEYWELL AVENUE,337
3320 KOSSUTH AVENUE,337
515 73 STREET,336
192 9 STREET,336
109 CHRISTOPHER AVENUE,336
40-14 12 STREET,336
AMBOY ROAD,336
40 RICHMAN PLAZA,335
218 WEST  104 STREET,335
111 EAST  167 STREET,335
AVENUE C,335
HILLSIDE AVENUE,335
2020 GRAND CONCOURSE,334
99-65 64 ROAD,334
87-14 85 STREET,334
FRANKLIN AVENUE,334
241 SHERMAN AVENUE,334
200 WEST 131 STREET,333
2525 LINDEN BOULEVARD,333
2170 CRESTON AVENUE,333
FRANCIS LEWIS BOULEVARD,333
ARTHUR KILL ROAD,332
571 RIVERSIDE DRIVE,332
139 EAST   27 STREET,332
101 AVENUE,331
219 KINGSLAND AVENUE,331
563 CAULDWELL AVENUE,331
8701 SHORE ROAD,331
EAST TREMONT AVENUE,331
1460 MACOMBS ROAD,331
90 SANDS STREET,330
78 STREET,330
265 EAST  182 STREET,330
612 WEST 178 STREET,330
685 EAST  183 STREET,330
GRAND STREET,329
332 ROGERS AVENUE,329
494 SHEFFIELD AVENUE,329
2 MAGAW PLACE,329
95-15B NORTHERN BOULEVARD,329
3230 STEUBEN AVENUE,329
525 WEST  133 STREET,329
1500 NOBLE AVENUE,329
363 BOND STREET,328
357 EAST  201 STREET,328
2490 DAVIDSON AVENUE,328
150 WEST  179 STREET,328
446 KINGSTON AVENUE,328
216-02 LINDEN BOULEVARD,327
64 IRVING AVENUE,327
ARLINGTON AVENUE,327
576 RIDGEWOOD AVENUE,327
AVENUE A,327
1 ADRIAN AVENUE,327
1619 BROADWAY,326
2518 WEBB AVENUE,326
575 HERKIMER STREET,326
CYPRESS AVENUE,326
754 MANIDA STREET,326
210 WEST  107 STREET,326
560 WINTHROP STREET,326
1231 FULTON AVENUE,325
1932 BRYANT AVENUE,325
1750 GRAND AVENUE,324
3322 DECATUR AVENUE,324
355 ADAMS STREET,324
2251 HOLLAND AVENUE,324
75 EAST  116 STREET,323
148-48 88 AVENUE,323
724 CONEY ISLAND AVENUE,323
GATES AVENUE,323
1916 CROTONA AVENUE,323
1802 LURTING AVENUE,323
1025 BOYNTON AVENUE,323
BRUCKNER BOULEVARD,322
729 UNION AVENUE,322
2512 UNIVERSITY AVENUE,322
CORTELYOU ROAD,322
3300 PALMER AVENUE,322
20 EAST  109 STREET,322
1 MARBLE HILL AVENUE,321
2160 ANTHONY AVENUE,321
611 WEST  148 STREET,321
690 ALLERTON AVENUE,321
30 GLENMORE AVENUE,321
229 EAST   18 STREET,320
3840 ORLOFF AVENUE,320
269 DYCKMAN STREET,320
42-18 31 AVENUE,320
208 WEST  151 STREET,319
42-65 KISSENA BOULEVARD,319
115-22 LIBERTY AVENUE,319
1650 WILLIAMSBRIDGE ROAD,319
2029 2 AVENUE,319
321 WEST   24 STREET,319
809 WEST  177 STREET,318
2910 WALLACE AVENUE,318
54 BRISTOL STREET,317
19 DONGAN PLACE,317
84 STREET,317
266 WASHINGTON AVENUE,317
496 TINTON AVENUE,317
67 AVENUE,317
935 KELLY STREET,316
2710 SEDGWICK AVENUE,316
642 ROGERS AVENUE,316
1654 MONROE AVENUE,316
1692 UNION STREET,316
137 WEST  141 STREET,316
2342 RYER AVENUE,315
1920 WALTON AVENUE,315
3764 BRONX BOULEVARD,315
666 WEST  207 STREET,315
FLUSHING AVENUE,315
105 WILLIS AVENUE,315
2504 DEVOE TERRACE,315
3280 ROCHAMBEAU AVENUE,314
5 TIMES SQUARE,314
1645 GRAND AVENUE,314
2600 NETHERLAND AVENUE,314
2054 NOSTRAND AVENUE,314
2215 NEWKIRK AVENUE,314
298 EAST    3 STREET,313
441 BROOKLYN AVENUE,313
642 SCHROEDERS AVENUE,313
1152 ELTON STREET,313
245 HAWTHORNE STREET,313
2178 TIEBOUT AVENUE,313
28 AVENUE,311
83 AVENUE,311
84-53 DANA COURT,311
1834 CATON AVENUE,311
1044 FLATBUSH AVENUE,311
98 COOPER STREET,311
34 ARDEN STREET,311
5510 13 AVENUE,311
41-41 51 STREET,311
23 NEW LOTS AVENUE,310
351 EAST  163 STREET,310
1165 EAST  229 STREET,310
2131 WALLACE AVENUE,310
3165 DECATUR AVENUE,310
250 BEDFORD PARK BOULEVARD WEST,310
790 7 AVENUE,310
108 WASHINGTON STREET,310
160 WEST   97 STREET,309
2291 UNIVERSITY AVENUE,309
20 WEST  190 STREET,309
2757 CLAFLIN AVENUE,309
418 EAST  153 STREET,309
125 NORTH PORTLAND AVENUE,308
921 MONTGOMERY STREET,308
LAFAYETTE AVENUE,308
2100 BRONX PARK EAST,307
645 WEST  160 STREET,307
107-10 120 STREET,307
110 CADMAN PLAZA EAST,307
42-25 LAYTON STREET,307
851 EAST  163 STREET,307
540 SOUTHERN BOULEVARD,307
330 WEST   16 STREET,306
2970 WEST   24 STREET,306
1975 BIRCHALL AVENUE,305
EAST  163 STREET,305
26 WESTERVELT AVENUE,305
595 WEST  207 STREET,305
2683 MORRIS AVENUE,305
193 MARCUS GARVEY BOULEVARD,304
712 EAST  232 STREET,304
525 WEST  169 STREET,304
301 STERLING STREET,304
941 HOE AVENUE,304
112 EAST  128 STREET,304
20 WEST  129 STREET,303
151 CONOVER STREET,303
116 EAST MOSHOLU PARKWAY SOUTH,303
7420 RIDGE BOULEVARD,303
16 AVENUE,303
341 EAST  146 STREET,303
1485 MACOMBS ROAD,303
57-07 SHORE FRONT PARKWAY,303
104 TERRACE VIEW AVENUE,302
880 BOYNTON AVENUE,302
5009 BROADWAY,302
18 MOUNT MORRIS PARK WEST,302
2244 CRUGER AVENUE,302
400 BROOK AVENUE,302
5 WEST  123 STREET,301
1230 EAST TREMONT AVENUE,301
4340 WHITE PLAINS ROAD,301
2344 DAVIDSON AVENUE,301
1 PARKSIDE COURT,300
CLARKSON AVENUE,300
2501 NEWKIRK AVENUE,300
2375 EAST    3 STREET,300
2723 BARNES AVENUE,300
111 WEST  141 STREET,300
127-11 WILLETS POINT BOULEVARD,300
225 WEST  232 STREET,300
2626 HOMECREST AVENUE,300
195 BROADWAY,299
231 WEST  149 STREET,299
1106 BOYNTON AVENUE,299
1539 SEMINOLE STREET,299
2105 RYER AVENUE,299
186 EAST  164 STREET,298
354 OCEAN AVENUE,298
107-10 SHORE FRONT PARKWAY,297
6301 23 AVENUE,297
1340 MERRIAM AVENUE,297
686 EAST  234 STREET,297
BRONX BOULEVARD,297
4360 BAYCHESTER AVENUE,297
PENN STATION,297
106-20 SHORE FRONT PARKWAY,296
AVENUE B,296
OCEAN AVENUE,296
14-50 GATEWAY BOULEVARD,296
711 WEST  180 STREET,296
35 HAMILTON PLACE,295
82 STREET,295
1084 NEW YORK AVENUE,295
89-04 34 AVENUE,295
1593 FULTON STREET,295
80-00 UTOPIA PARKWAY,295
877 HUGUENOT AVENUE,295
725 WEST  172 STREET,295
AVENUE I,295
655 BURKE AVENUE,295
50 EAST   19 STREET,294
1075 OCEAN PARKWAY,294
1234 SHAKESPEARE AVENUE,293
1889 BROADWAY,293
1202 SPOFFORD AVENUE,293
CRESCENT STREET,293
40 WEST MOSHOLU PARKWAY SOUTH,293
208 EAST   29 STREET,292
67 WALL STREET,292
950 JENNINGS STREET,292
91 AVENUE,292
1005 JEROME AVENUE,292
2045 STORY AVENUE,292
OCEAN PARKWAY MALLS,292
415 LEFFERTS AVENUE,292
26-49 96 STREET,291
1750 GRAND CONCOURSE,291
64 NEPTUNE AVENUE,291
2505 BEDFORD AVENUE,291
1425 UNIVERSITY AVENUE,291
1365 ST NICHOLAS AVENUE,291
BELMONT AVENUE,291
34 NORTH    6 STREET,290
903 DREW STREET,290
488 EAST  163 STREET,290
131 MOORE STREET,290
ALBANY AVENUE,290
1229 FRANKLIN AVENUE,290
670 RIVERSIDE DRIVE,289
95 AVENUE,289
AVENUE V,289
69 EAST   17 STREET,289
2497 GRAND AVENUE,289
2701 BARKER AVENUE,289
115 EAST MOSHOLU PARKWAY NORTH,288
94-02 35 AVENUE,288
69 AVENUE,288
62 AVENUE,288
170 HAWTHORNE STREET,287
660 NEREID AVENUE,287
222 BEDFORD PARK BOULEVARD,287
214 ROCKAWAY PARKWAY,287
2501 NOSTRAND AVENUE,287
3864 WHITE PLAINS ROAD,287
350 WEST   24 STREET,287
31 STREET,287
5421 BEVERLY ROAD,287
26 EAST   60 STREET,287
ROOSEVELT AVENUE,287
888 GRAND CONCOURSE,287
60 ST NICHOLAS AVENUE,287
330 WEST   95 STREET,286
180 EAST  163 STREET,286
108 ELLWOOD STREET,286
72-15 41 AVENUE,286
270 CLARKSON AVENUE,286
MANHATTAN AVENUE,286
600 WEST  192 STREET,285
700 ESPLANADE GDNS PLAZA,285
446 WEST   58 STREET,285
150 EAST   19 STREET,285
679 OCEAN PARKWAY,285
41-02 COLLEGE POINT BOULEVARD,285
202 EAST   21 STREET,285
240 EAST  175 STREET,285
552 FLATBUSH AVENUE,284
2000 ANTHONY AVENUE,284
44-19 ROCKAWAY BEACH BOULEVARD,284
2394 7 AVENUE,284
600 WEST  139 STREET,284
54 STONE STREET,284
1-50 50 AVENUE,283
2095 GRAND CONCOURSE,283
165 ROCKAWAY PARKWAY,283
35-16 34 STREET,283
102-45 62 ROAD,283
2454 TIEBOUT AVENUE,283
EAST  174 STREET,283
1775 DAVIDSON AVENUE,283
FRONT STREET,283
1460 WASHINGTON AVENUE,283
891 DRIGGS AVENUE,282
2446 LYVERE STREET,282
55 LENOX ROAD,282
1550 INWOOD AVENUE,282
250 EAST GUN HILL ROAD,282
1571 UNDERCLIFF AVENUE,282
69 ST NICHOLAS PLACE,281
EAST   33 STREET,281
3045 GODWIN TERRACE,281
2970 OCEAN AVENUE,281
210P WEST  153 STREET,281
40-26 BENHAM STREET,281
AVENUE H,280
3336 PERRY AVENUE,280
926 AMSTERDAM AVENUE,280
1500 GRAND CONCOURSE,280
672 POWELL STREET,280
125 MT HOPE PLACE,280
89-29 163 STREET,280
2886 BRIGGS AVENUE,280
503 WEST  139 STREET,279
